{
    "1": { "date": "06/10/2558", "link": "https://dl.parliament.go.th/handle/20.500.13072/616548" },
    "2": { "date": "07/10/2558", "link": "https://dl.parliament.go.th/handle/20.500.13072/616576" },
    "3": { "date": "08/10/2558", "link": "https://dl.parliament.go.th/handle/20.500.13072/616587" },
    "4": { "date": "09/10/2558", "link": "https://dl.parliament.go.th/handle/20.500.13072/616598" },
    "5": { "date": "12/10/2558", "link": "https://dl.parliament.go.th/handle/20.500.13072/616609" },
    "6": { "date": "13/10/2558", "link": "https://dl.parliament.go.th/handle/20.500.13072/616620" },
    "7": { "date": "14/10/2558", "link": "https://dl.parliament.go.th/handle/20.500.13072/616631" },
    "8": { "date": "15/10/2558", "link": "https://dl.parliament.go.th/handle/20.500.13072/616642" },
    "9": { "date": "16/10/2558", "link": "https://dl.parliament.go.th/handle/20.500.13072/616653" },
   "10": { "date": "19/10/2558", "link": "https://dl.parliament.go.th/handle/20.500.13072/616549" },
   "11": { "date": "20/10/2558", "link": "https://dl.parliament.go.th/handle/20.500.13072/616560" },
   "12": { "date": "21/10/2558", "link": "https://dl.parliament.go.th/handle/20.500.13072/616568" },
   "13": { "date": "22/10/2558", "link": "https://dl.parliament.go.th/handle/20.500.13072/616569" },
   "14": { "date": "26/10/2558", "link": "https://dl.parliament.go.th/handle/20.500.13072/616570" },
   "15": { "date": "27/10/2558", "link": "https://dl.parliament.go.th/handle/20.500.13072/616571" },
   "16": { "date": "28/10/2558", "link": "https://dl.parliament.go.th/handle/20.500.13072/616572" },
   "17": { "date": "29/10/2558", "link": "https://dl.parliament.go.th/handle/20.500.13072/616573" },
   "18": { "date": "30/10/2558", "link": "https://dl.parliament.go.th/handle/20.500.13072/616574" },
   "19": { "date": "02/11/2558", "link": "https://dl.parliament.go.th/handle/20.500.13072/616575" },
   "20": { "date": "03/11/2558", "link": "https://dl.parliament.go.th/handle/20.500.13072/616577" },
   "21": { "date": "04/11/2558", "link": "https://dl.parliament.go.th/handle/20.500.13072/616578" },
   "22": { "date": "05/11/2558", "link": "https://dl.parliament.go.th/handle/20.500.13072/616579" },
   "23": { "date": "06/11/2558", "link": "https://dl.parliament.go.th/handle/20.500.13072/616580" },
   "24": { "date": "09/11/2558", "link": "https://dl.parliament.go.th/handle/20.500.13072/616581" },
   "25": { "date": "10/11/2558", "link": "https://dl.parliament.go.th/handle/20.500.13072/616582" },
   "26": { "date": "11/11/2558", "link": "https://dl.parliament.go.th/handle/20.500.13072/616583" },
   "27": { "date": "12/11/2558", "link": "https://dl.parliament.go.th/handle/20.500.13072/616584" },
   "28": { "date": "13/11/2558", "link": "https://dl.parliament.go.th/handle/20.500.13072/616585" },
   "29": { "date": "16/11/2558", "link": "https://dl.parliament.go.th/handle/20.500.13072/616586" },
   "30": { "date": "17/11/2558", "link": "https://dl.parliament.go.th/handle/20.500.13072/616588" },
   "31": { "date": "18/11/2558", "link": "https://dl.parliament.go.th/handle/20.500.13072/616589" },
   "32": { "date": "19/11/2558", "link": "https://dl.parliament.go.th/handle/20.500.13072/616590" },
   "33": { "date": "20/11/2558", "link": "https://dl.parliament.go.th/handle/20.500.13072/616591" },
   "34": { "date": "23/11/2558", "link": "https://dl.parliament.go.th/handle/20.500.13072/616592" },
   "35": { "date": "24/11/2558", "link": "https://dl.parliament.go.th/handle/20.500.13072/616593" },
   "36": { "date": "25/11/2558", "link": "https://dl.parliament.go.th/handle/20.500.13072/616594" },
   "37": { "date": "26/11/2558", "link": "https://dl.parliament.go.th/handle/20.500.13072/616595" },
   "38": { "date": "27/11/2558", "link": "https://dl.parliament.go.th/handle/20.500.13072/616596" },
   "39": { "date": "30/11/2558", "link": "https://dl.parliament.go.th/handle/20.500.13072/616597" },
   "40": { "date": "01/12/2558", "link": "https://dl.parliament.go.th/handle/20.500.13072/616599" },
   "41": { "date": "02/12/2558", "link": "https://dl.parliament.go.th/handle/20.500.13072/616600" },
   "42": { "date": "08/12/2558", "link": "https://dl.parliament.go.th/handle/20.500.13072/616601" },
   "43": { "date": "09/12/2558", "link": "https://dl.parliament.go.th/handle/20.500.13072/616602" },
   "44": { "date": "14/12/2558", "link": "https://dl.parliament.go.th/handle/20.500.13072/616603" },
   "45": { "date": "15/12/2558", "link": "https://dl.parliament.go.th/handle/20.500.13072/616604" },
   "46": { "date": "17/12/2558", "link": "https://dl.parliament.go.th/handle/20.500.13072/616605" },
   "47": { "date": "18/12/2558", "link": "https://dl.parliament.go.th/handle/20.500.13072/616606" },
   "48": { "date": "21/12/2558", "link": "https://dl.parliament.go.th/handle/20.500.13072/616607" },
   "49": { "date": "22/12/2558", "link": "https://dl.parliament.go.th/handle/20.500.13072/616608" },
   "50": { "date": "23/12/2558", "link": "https://dl.parliament.go.th/handle/20.500.13072/616610" },
   "51": { "date": "24/12/2558", "link": "https://dl.parliament.go.th/handle/20.500.13072/616611" },
   "52": { "date": "25/12/2558", "link": "https://dl.parliament.go.th/handle/20.500.13072/616612" },
   "53": { "date": "28/12/2558", "link": "https://dl.parliament.go.th/handle/20.500.13072/616613" },
   "54": { "date": "29/12/2558", "link": "https://dl.parliament.go.th/handle/20.500.13072/616614" },
   "55": { "date": "04/01/2559", "link": "https://dl.parliament.go.th/handle/20.500.13072/616615" },
   "56": { "date": "05/01/2559", "link": "https://dl.parliament.go.th/handle/20.500.13072/616616" },
   "57": { "date": "06/01/2559", "link": "https://dl.parliament.go.th/handle/20.500.13072/616617" },
   "58": { "date": "07/01/2559", "link": "https://dl.parliament.go.th/handle/20.500.13072/616618" },
   "59": { "date": "08/01/2559", "link": "https://dl.parliament.go.th/handle/20.500.13072/616619" },
   "60": { "date": "11/01/2559", "link": "https://dl.parliament.go.th/handle/20.500.13072/616621" },
   "61": { "date": "12/01/2559", "link": "https://dl.parliament.go.th/handle/20.500.13072/616622" },
   "62": { "date": "13/01/2559", "link": "https://dl.parliament.go.th/handle/20.500.13072/616623" },
   "63": { "date": "14/01/2559", "link": "https://dl.parliament.go.th/handle/20.500.13072/616624" },
   "64": { "date": "15/01/2559", "link": "https://dl.parliament.go.th/handle/20.500.13072/616625" },
   "65": { "date": "16/01/2559", "link": "https://dl.parliament.go.th/handle/20.500.13072/616626" },
   "66": { "date": "17/01/2559", "link": "https://dl.parliament.go.th/handle/20.500.13072/616627" },
   "67": { "date": "19/01/2559", "link": "https://dl.parliament.go.th/handle/20.500.13072/616628" },
   "68": { "date": "20/01/2559", "link": "https://dl.parliament.go.th/handle/20.500.13072/616629" },
   "69": { "date": "21/01/2559", "link": "https://dl.parliament.go.th/handle/20.500.13072/616630" },
   "70": { "date": "22/01/2559", "link": "https://dl.parliament.go.th/handle/20.500.13072/616632" },
   "71": { "date": "25/01/2559", "link": "https://dl.parliament.go.th/handle/20.500.13072/616633" },
   "72": { "date": "26/01/2559", "link": "https://dl.parliament.go.th/handle/20.500.13072/616634" },
   "73": { "date": "27/01/2559", "link": "https://dl.parliament.go.th/handle/20.500.13072/616635" },
   "74": { "date": "28/01/2559", "link": "https://dl.parliament.go.th/handle/20.500.13072/616636" },
   "75": { "date": "29/01/2559", "link": "https://dl.parliament.go.th/handle/20.500.13072/616637" },
   "76": { "date": "01/02/2559", "link": "https://dl.parliament.go.th/handle/20.500.13072/616638" },
   "77": { "date": "02/02/2559", "link": "https://dl.parliament.go.th/handle/20.500.13072/616639" },
   "78": { "date": "03/02/2559", "link": "https://dl.parliament.go.th/handle/20.500.13072/616640" },
   "79": { "date": "04/02/2559", "link": "https://dl.parliament.go.th/handle/20.500.13072/616641" },
   "80": { "date": "05/02/2559", "link": "https://dl.parliament.go.th/handle/20.500.13072/616643" },
   "81": { "date": "08/02/2559", "link": "https://dl.parliament.go.th/handle/20.500.13072/616644" },
   "82": { "date": "09/02/2559", "link": "https://dl.parliament.go.th/handle/20.500.13072/616645" },
   "83": { "date": "10/02/2559", "link": "https://dl.parliament.go.th/handle/20.500.13072/616646" },
   "84": { "date": "11/02/2559", "link": "https://dl.parliament.go.th/handle/20.500.13072/616647" },
   "85": { "date": "15/02/2559", "link": "https://dl.parliament.go.th/handle/20.500.13072/616648" },
   "86": { "date": "16/02/2559", "link": "https://dl.parliament.go.th/handle/20.500.13072/616649" },
   "87": { "date": "17/02/2559", "link": "https://dl.parliament.go.th/handle/20.500.13072/616650" },
   "88": { "date": "18/02/2559", "link": "https://dl.parliament.go.th/handle/20.500.13072/616651" },
   "89": { "date": "19/02/2559", "link": "https://dl.parliament.go.th/handle/20.500.13072/616652" },
   "90": { "date": "23/02/2559", "link": "https://dl.parliament.go.th/handle/20.500.13072/616654" },
   "91": { "date": "24/02/2559", "link": "https://dl.parliament.go.th/handle/20.500.13072/616655" },
   "92": { "date": "25/02/2559", "link": "https://dl.parliament.go.th/handle/20.500.13072/616656" },
   "93": { "date": "26/02/2559", "link": "https://dl.parliament.go.th/handle/20.500.13072/616657" },
   "94": { "date": "29/02/2559", "link": "https://dl.parliament.go.th/handle/20.500.13072/616658" },
   "95": { "date": "01/03/2559", "link": "https://dl.parliament.go.th/handle/20.500.13072/616659" },
   "96": { "date": "02/03/2559", "link": "https://dl.parliament.go.th/handle/20.500.13072/616660" },
   "97": { "date": "03/03/2559", "link": "https://dl.parliament.go.th/handle/20.500.13072/616661" },
   "98": { "date": "04/03/2559", "link": "https://dl.parliament.go.th/handle/20.500.13072/616662" },
   "99": { "date": "07/03/2559", "link": "https://dl.parliament.go.th/handle/20.500.13072/616663" },
  "100": { "date": "08/03/2559", "link": "https://dl.parliament.go.th/handle/20.500.13072/616550" },
  "101": { "date": "09/03/2559", "link": "https://dl.parliament.go.th/handle/20.500.13072/616551" },
  "102": { "date": "10/03/2559", "link": "https://dl.parliament.go.th/handle/20.500.13072/616552" },
  "103": { "date": "11/03/2559", "link": "https://dl.parliament.go.th/handle/20.500.13072/616553" },
  "104": { "date": "14/03/2559", "link": "https://dl.parliament.go.th/handle/20.500.13072/616554" },
  "105": { "date": "15/03/2559", "link": "https://dl.parliament.go.th/handle/20.500.13072/616555" },
  "106": { "date": "16/03/2559", "link": "https://dl.parliament.go.th/handle/20.500.13072/616556" },
  "107": { "date": "17/03/2559", "link": "https://dl.parliament.go.th/handle/20.500.13072/616557" },
  "108": { "date": "18/03/2559", "link": "https://dl.parliament.go.th/handle/20.500.13072/616558" },
  "109": { "date": "21/03/2559", "link": "https://dl.parliament.go.th/handle/20.500.13072/616559" },
  "110": { "date": "22/03/2559", "link": "https://dl.parliament.go.th/handle/20.500.13072/616561" },
  "111": { "date": "23/03/2559", "link": "https://dl.parliament.go.th/handle/20.500.13072/616562" },
  "112": { "date": "24/03/2559", "link": "https://dl.parliament.go.th/handle/20.500.13072/616563" },
  "113": { "date": "25/03/2559", "link": "https://dl.parliament.go.th/handle/20.500.13072/616564" },
  "114": { "date": "26/03/2559", "link": "https://dl.parliament.go.th/handle/20.500.13072/616565" },
  "115": { "date": "28/03/2559", "link": "https://dl.parliament.go.th/handle/20.500.13072/616566" },
  "116": { "date": "29/03/2559", "link": "https://dl.parliament.go.th/handle/20.500.13072/616567" },
  "163": { "date": "10/08/2559", "link": "https://dl.parliament.go.th/handle/20.500.13072/618427" },
  "164": { "date": "15/08/2559", "link": "https://dl.parliament.go.th/handle/20.500.13072/618428" },
  "165": { "date": "16/08/2559", "link": "https://dl.parliament.go.th/handle/20.500.13072/618429" },
  "166": { "date": "19/08/2559", "link": "https://dl.parliament.go.th/handle/20.500.13072/618431" },
  "167": { "date": "24/08/2559", "link": "https://dl.parliament.go.th/handle/20.500.13072/618432" },
  "168": { "date": "29/08/2559", "link": "https://dl.parliament.go.th/handle/20.500.13072/618433" },
  "169": { "date": "31/08/2559", "link": "https://dl.parliament.go.th/handle/20.500.13072/618434" },
  "170": { "date": "01/09/2559", "link": "https://dl.parliament.go.th/handle/20.500.13072/618435" },
  "185": { "date": "29/09/2559", "link": "https://dl.parliament.go.th/handle/20.500.13072/618451" },
  "187": { "date": "03/10/2559", "link": "https://dl.parliament.go.th/handle/20.500.13072/618454" },
  "191": { "date": "07/10/2559", "link": "https://dl.parliament.go.th/handle/20.500.13072/618458" },
  "192": { "date": "10/10/2559", "link": "https://dl.parliament.go.th/handle/20.500.13072/618459" }
}
